seed,method,particles,resample_interval,mean_position_error_m,mean_roll_error_deg
42,ANN,0,0,7.238141935699721,7.5
42,PF_Config_1,1000,10,0.47413189996040445,0.17740954306370033
42,PF_Config_2,5000,1,0.3368755799120852,0.14422174300024393
123,ANN,0,0,7.278036875429729,7.5
123,PF_Config_1,1000,10,0.6162945795317794,0.17678878700611453
123,PF_Config_2,5000,1,0.41870912735566174,0.1462028037084181
456,ANN,0,0,7.270023133285857,7.5
456,PF_Config_1,1000,10,0.8119390605522707,0.19269399505730989
456,PF_Config_2,5000,1,0.5554071753445737,0.15984543525778167
